{
	"format_version": "1.21.6",
	"credit": "Made with Blockbench",
	"render_type": "minecraft:cutout",
	"texture_size": [48, 32],
	"textures": {
		"particle": "exposure:item/camera/camera",
		"texture": "exposure:item/camera/camera"
	},
	"elements": [
		{
			"name": "body",
			"from": [4, 0, 4],
			"to": [12, 8, 15],
			"rotation": {"angle": 0, "axis": "y", "origin": [-1, 0, 0]},
			"faces": {
				"north": {"uv": [3.66667, 5.5, 6.33333, 9.5], "texture": "#texture"},
				"east": {"uv": [10, 5.5, 6.33333, 9.5], "texture": "#texture"},
				"south": {"uv": [10, 5.5, 12.66667, 9.5], "texture": "#texture"},
				"west": {"uv": [3.66667, 5.5, 0, 9.5], "texture": "#texture"},
				"up": {"uv": [6.33333, 0, 3.66667, 5.5], "rotation": 180, "texture": "#texture"},
				"down": {"uv": [6.33333, 0, 9, 5.5], "texture": "#texture"}
			}
		},
		{
			"name": "lens_glass",
			"from": [6.8, 2.8, 4.02],
			"to": [9.2, 5.2, 5.02],
			"rotation": {"angle": 0, "axis": "y", "origin": [0, 1, 2]},
			"faces": {
				"north": {"uv": [0, 1.5, 0.66667, 2.5], "texture": "#texture", "tintindex": 1}
			}
		},
		{
			"name": "buttom",
			"from": [9, 6, 6],
			"to": [11, 9, 8],
			"rotation": {"angle": 0, "axis": "y", "origin": [9, 6, 6]},
			"faces": {
				"north": {"uv": [0, 0, 0.66667, 1.5], "texture": "#texture"},
				"east": {"uv": [0, 0, 0.66667, 1.5], "texture": "#texture"},
				"south": {"uv": [0, 0, 0.66667, 1.5], "texture": "#texture"},
				"west": {"uv": [0, 0, 0.66667, 1.5], "texture": "#texture"},
				"up": {"uv": [0.66667, 0, 1.33333, 1], "texture": "#texture"},
				"down": {"uv": [0, 0, 0.66667, 1], "texture": "#texture"}
			}
		}
	],
	"gui_light": "front",
	"overrides": [
		{"predicate": {"exposure:camera_gold": 1}, "model": "exposure:item/camera_gold"}
	],
	"display": {
		"thirdperson_righthand": {
			"rotation": [65, 9, 0],
			"translation": [-0.75, 3, 2],
			"scale": [0.8, 0.8, 0.8]
		},
		"thirdperson_lefthand": {
			"rotation": [65, 9, 0],
			"translation": [-0.75, 3, 2],
			"scale": [0.8, 0.8, 0.8]
		},
		"firstperson_righthand": {
			"rotation": [0, 65, 0],
			"translation": [4.5, 3.75, -0.75]
		},
		"firstperson_lefthand": {
			"rotation": [0, 65, 0],
			"translation": [4.5, 3.75, -0.75]
		},
		"ground": {
			"translation": [0, 5, 0],
			"scale": [0.9, 0.9, 0.9]
		},
		"head": {
			"translation": [0, 7, -1],
			"scale": [1.7, 1.7, 1.7]
		},
		"fixed": {
			"rotation": [0, 90, 0],
			"translation": [1.5, 8.75, -2.5],
			"scale": [1.75, 1.75, 1.75]
		}
	}
}