{
	"targets": ["minecraft:deep_frozen_ocean", "minecraft:frozen_ocean", "minecraft:frozen_river", "minecraft:ice_spikes", "minecraft:snowy_beach", "minecraft:snowy_plains",
	 {
	  "id": "clifftree:glacier_cliff",
	  "required": false
	 },
	 {
	  "id": "nomansland:frozen_woods",
	  "required": false
	 },
	 {
	  "id": "nomansland:maple_grove",
	  "required": false
	 },
	 {
	  "id": "clifftree:glacier_valley",
	  "required": false
	 },
	 {
	  "id": "clifftree:snowy_diorite_shore",
	  "required": false
	 }
	],
	"fog_end": "0.8 - max(0, min(0.35, (DAY_TIME%24000 > 23000) + (DAY_TIME%24000 < 1000) + (RAIN * 0.35) - max(0, 11 - SKY_LIGHT)))",
	"fog_start": "10 + max(-0.5, min(0.5, (DAY_TIME%24000 > 23000) + (DAY_TIME%24000 < 1000) + (RAIN * 0.5)- max(0, 11 - SKY_LIGHT)*100))"
}