{
  "variants": {
    "": [
      {
        "model": "nomansland:block/snowy_grass_path_0"
      },
      {
        "model": "nomansland:block/snowy_grass_path_0",
        "y": 90
      },
      {
        "model": "nomansland:block/snowy_grass_path_0",
        "y": 180
      },
      {
        "model": "nomansland:block/snowy_grass_path_0",
        "y": 270
      },
	  {
        "model": "nomansland:block/snowy_grass_path_1"
      },
      {
        "model": "nomansland:block/snowy_grass_path_1",
        "y": 90
      },
      {
        "model": "nomansland:block/snowy_grass_path_1",
        "y": 180
      },
      {
        "model": "nomansland:block/snowy_grass_path_1",
        "y": 270
      },
	  {
        "model": "nomansland:block/snowy_grass_path_2"
      },
      {
        "model": "nomansland:block/snowy_grass_path_2",
        "y": 90
      },
      {
        "model": "nomansland:block/snowy_grass_path_2",
        "y": 180
      },
      {
        "model": "nomansland:block/snowy_grass_path_2",
        "y": 270
      },
	  {
        "model": "nomansland:block/snowy_grass_path_3"
      },
      {
        "model": "nomansland:block/snowy_grass_path_3",
        "y": 90
      },
      {
        "model": "nomansland:block/snowy_grass_path_3",
        "y": 180
      },
      {
        "model": "nomansland:block/snowy_grass_path_3",
        "y": 270
      },
	  {
        "model": "nomansland:block/snowy_grass_path_4"
      },
      {
        "model": "nomansland:block/snowy_grass_path_4",
        "y": 90
      },
      {
        "model": "nomansland:block/snowy_grass_path_4",
        "y": 180
      },
      {
        "model": "nomansland:block/snowy_grass_path_4",
        "y": 270
      }
    ]
  }
}