{
	"format_version": "1.21.6",
	"credit": "Made with Blockbench",
	"textures": {
		"particle": "exposure:item/camera/flash",
		"texture": "exposure:item/camera/flash"
	},
	"elements": [
		{
			"name": "lamp",
			"from": [2, 3, 6],
			"to": [4, 5, 7],
			"rotation": {"angle": 0, "axis": "y", "origin": [2, 3, 6]},
			"faces": {
				"north": {"uv": [0, 14, 2.00001, 16], "texture": "#texture"},
				"east": {"uv": [2, 14, 2.99999, 16], "texture": "#texture"},
				"south": {"uv": [0, 14, 2.00001, 16], "texture": "#texture"},
				"west": {"uv": [2, 14, 2.99999, 16], "texture": "#texture"},
				"up": {"uv": [0, 13, 2.00001, 14], "texture": "#texture"},
				"down": {"uv": [0, 13, 2.00001, 14], "texture": "#texture"}
			}
		},
		{
			"name": "lampbody",
			"from": [1, 2, 7],
			"to": [4, 6, 9],
			"rotation": {"angle": 0, "axis": "y", "origin": [2, 2, 6]},
			"faces": {
				"north": {"uv": [3, 12, 6, 16], "texture": "#texture"},
				"east": {"uv": [6, 12, 8.00001, 16], "texture": "#texture"},
				"south": {"uv": [7, 12, 10, 16], "texture": "#texture"},
				"west": {"uv": [9.00001, 12, 7, 16], "texture": "#texture"},
				"up": {"uv": [6, 11, 9, 13], "texture": "#texture"},
				"down": {"uv": [3, 11, 6, 13], "texture": "#texture"}
			}
		}
	],
	"overrides": [
		{"predicate": {"exposure:camera_gold": 1}, "model": "exposure:item/camera_parts/flash_gold"}
	]
}