{
	"format_version": "1.21.6",
	"credit": "Made with Blockbench",
	"render_type": "minecraft:cutout",
	"textures": {
		"particle": "exposure:item/camera/lens",
		"texture": "exposure:item/camera/lens"
	},
	"elements": [
		{
			"from": [6.9, 2.9, 0.02],
			"to": [9.1, 5.1, 1.02],
			"rotation": {"angle": 0, "axis": "y", "origin": [0, 1, -1]},
			"faces": {
				"north": {"uv": [0, 0, 2, 2], "texture": "#texture", "tintindex": 1}
			}
		},
		{
			"from": [5, 1, 0],
			"to": [11, 7, 5],
			"rotation": {"angle": 0, "axis": "y", "origin": [9, 3, 0]},
			"faces": {
				"north": {"uv": [5, 5, 11, 11], "texture": "#texture"},
				"east": {"uv": [0, 5, 5, 11], "texture": "#texture"},
				"west": {"uv": [11, 5, 16, 11], "texture": "#texture"},
				"up": {"uv": [4, 0, 10, 5], "texture": "#texture"},
				"down": {"uv": [10, 0, 16, 5], "texture": "#texture"}
			}
		}
	],
	"overrides": [
		{"predicate": {"exposure:camera_gold": 1}, "model": "exposure:item/camera_parts/lens_gold"}
	]
}