{
	"credit": "Made by Spryzeen",
	"parent": "block/block",
	"textures": {
		"particle": "#block"
	},
	"elements": [
		{
			"from": [0, 0, 0],
			"to": [16, 16, 16],
			"faces": {
				"north": {"uv": [0, 0, 16, 16], "texture": "#block", "cullface": "north", "tintindex": 0},
				"east": {"uv": [0, 0, 16, 16], "texture": "#block", "cullface": "east", "tintindex": 0},
				"south": {"uv": [0, 0, 16, 16], "texture": "#block", "cullface": "south", "tintindex": 0},
				"west": {"uv": [0, 0, 16, 16], "texture": "#block", "cullface": "west", "tintindex": 0},
				"up": {"uv": [0, 0, 16, 16], "texture": "#block", "cullface": "up", "tintindex": 0},
				"down": {"uv": [16, 16, 0, 0], "texture": "#block", "cullface": "down", "tintindex": 0}
			}
		},
		{
			"from": [0.025, -16, 0.025],
			"to": [15.975, 0, 15.975],
			"faces": {
				"north": {"uv": [0, 0, 16, 16], "texture": "#fall", "cullface": "north", "tintindex": 0},
				"east": {"uv": [0, 0, 16, 16], "texture": "#fall", "cullface": "east", "tintindex": 0},
				"south": {"uv": [0, 0, 16, 16], "texture": "#fall", "cullface": "south", "tintindex": 0},
				"west": {"uv": [0, 0, 16, 16], "texture": "#fall", "cullface": "west", "tintindex": 0}
			}
		}
	]
}