{
  "variants": {
    "": [
      {
        "model": "minecraft:block/coarse_dirt_0"
      },
      {
        "model": "minecraft:block/coarse_dirt_0",
        "y": 90,
		"x": 90
      },
      {
        "model": "minecraft:block/coarse_dirt_0",
        "y": 180,
		"x": 180
      },
      {
        "model": "minecraft:block/coarse_dirt_0",
        "y": 270,
		"x": 270
      },
	  {
        "model": "minecraft:block/coarse_dirt_1"
      },
      {
        "model": "minecraft:block/coarse_dirt_1",
        "y": 90,
		"x": 90
      },
      {
        "model": "minecraft:block/coarse_dirt_1",
        "y": 180,
		"x": 180
      },
      {
        "model": "minecraft:block/coarse_dirt_1",
        "y": 270,
		"x": 270
      },
	  {
        "model": "minecraft:block/coarse_dirt_2"
      },
      {
        "model": "minecraft:block/coarse_dirt_2",
        "y": 90,
		"x": 90
      },
      {
        "model": "minecraft:block/coarse_dirt_2",
        "y": 180,
		"x": 180
      },
      {
        "model": "minecraft:block/coarse_dirt_2",
        "y": 270,
		"x": 270
      },
	  {
        "model": "minecraft:block/coarse_dirt_3"
      },
      {
        "model": "minecraft:block/coarse_dirt_3",
        "y": 90,
		"x": 90
      },
      {
        "model": "minecraft:block/coarse_dirt_3",
        "y": 180,
		"x": 180
      },
      {
        "model": "minecraft:block/coarse_dirt_3",
        "y": 270,
		"x": 270
      },
	  {
        "model": "minecraft:block/coarse_dirt_4"
      },
      {
        "model": "minecraft:block/coarse_dirt_4",
        "y": 90,
		"x": 90
      },
      {
        "model": "minecraft:block/coarse_dirt_4",
        "y": 180,
		"x": 180
      },
      {
        "model": "minecraft:block/coarse_dirt_4",
        "y": 270,
		"x": 270
      }
	  
    ]
  }
}