{
  "variants": {
    "moisture=0": [
      {
        "model": "minecraft:block/farmland_0"
      },
	  {
        "model": "minecraft:block/farmland_1"
      },  
	  {
        "model": "minecraft:block/farmland_2"
      },
	  {
        "model": "minecraft:block/farmland_3"
      },
	  {
        "model": "minecraft:block/farmland_4"
      }
    ],
	"moisture=1": [
      {
        "model": "minecraft:block/farmland_0"
      },
	  {
        "model": "minecraft:block/farmland_1"
      },  
	  {
        "model": "minecraft:block/farmland_2"
      },
	  {
        "model": "minecraft:block/farmland_3"
      },
	  {
        "model": "minecraft:block/farmland_4"
      }
    ],
	"moisture=2": [
      {
        "model": "minecraft:block/farmland_0"
      },
	  {
        "model": "minecraft:block/farmland_1"
      },  
	  {
        "model": "minecraft:block/farmland_2"
      },
	  {
        "model": "minecraft:block/farmland_3"
      },
	  {
        "model": "minecraft:block/farmland_4"
      }
    ],
	"moisture=3": [
      {
        "model": "minecraft:block/farmland_0"
      },
	  {
        "model": "minecraft:block/farmland_1"
      },  
	  {
        "model": "minecraft:block/farmland_2"
      },
	  {
        "model": "minecraft:block/farmland_3"
      },
	  {
        "model": "minecraft:block/farmland_4"
      }
    ],
	"moisture=4": [
      {
        "model": "minecraft:block/farmland_0"
      },
	  {
        "model": "minecraft:block/farmland_1"
      },  
	  {
        "model": "minecraft:block/farmland_2"
      },
	  {
        "model": "minecraft:block/farmland_3"
      },
	  {
        "model": "minecraft:block/farmland_4"
      }
    ],
	"moisture=5": [
      {
        "model": "minecraft:block/farmland_0"
      },
	  {
        "model": "minecraft:block/farmland_1"
      },  
	  {
        "model": "minecraft:block/farmland_2"
      },
	  {
        "model": "minecraft:block/farmland_3"
      },
	  {
        "model": "minecraft:block/farmland_4"
      }
    ],
	"moisture=6": [
      {
        "model": "minecraft:block/farmland_0"
      },
	  {
        "model": "minecraft:block/farmland_1"
      },  
	  {
        "model": "minecraft:block/farmland_2"
      },
	  {
        "model": "minecraft:block/farmland_3"
      },
	  {
        "model": "minecraft:block/farmland_4"
      }
    ],
	"moisture=7": [
      {
        "model": "minecraft:block/farmland_moist_0"
      },
	  {
        "model": "minecraft:block/farmland_moist_1"
      },  
	  {
        "model": "minecraft:block/farmland_moist_2"
      },
	  {
        "model": "minecraft:block/farmland_moist_3"
      },
	  {
        "model": "minecraft:block/farmland_moist_4"
      }
    ]
  }
}