{
  "variants": {
    "snowy=false": [
      {
        "model": "minecraft:block/mycelium_0"
      },
      {
        "model": "minecraft:block/mycelium_0",
        "y": 90
      },
      {
        "model": "minecraft:block/mycelium_0",
        "y": 180
      },
      {
        "model": "minecraft:block/mycelium_0",
        "y": 270
      },
	  {
        "model": "minecraft:block/mycelium_1"
      },
      {
        "model": "minecraft:block/mycelium_1",
        "y": 90
      },
      {
        "model": "minecraft:block/mycelium_1",
        "y": 180
      },
      {
        "model": "minecraft:block/mycelium_1",
        "y": 270
      },
	  {
        "model": "minecraft:block/mycelium_2"
      },
      {
        "model": "minecraft:block/mycelium_2",
        "y": 90
      },
      {
        "model": "minecraft:block/mycelium_2",
        "y": 180
      },
      {
        "model": "minecraft:block/mycelium_2",
        "y": 270
      },
	  {
        "model": "minecraft:block/mycelium_3"
      },
      {
        "model": "minecraft:block/mycelium_3",
        "y": 90
      },
      {
        "model": "minecraft:block/mycelium_3",
        "y": 180
      },
      {
        "model": "minecraft:block/mycelium_3",
        "y": 270
      },
	  {
        "model": "minecraft:block/mycelium_4"
      },
      {
        "model": "minecraft:block/mycelium_4",
        "y": 90
      },
      {
        "model": "minecraft:block/mycelium_4",
        "y": 180
      },
      {
        "model": "minecraft:block/mycelium_4",
        "y": 270
      }
    ],
    "snowy=true": [
	  {
        "model": "minecraft:block/grass_block_snow_0"
      },
      {
        "model": "minecraft:block/grass_block_snow_0",
        "y": 90
      },
      {
        "model": "minecraft:block/grass_block_snow_0",
        "y": 180
      },
      {
        "model": "minecraft:block/grass_block_snow_0",
        "y": 270
      },
	  {
        "model": "minecraft:block/grass_block_snow_1"
      },
      {
        "model": "minecraft:block/grass_block_snow_1",
        "y": 90
      },
      {
        "model": "minecraft:block/grass_block_snow_1",
        "y": 180
      },
      {
        "model": "minecraft:block/grass_block_snow_1",
        "y": 270
      },
	  {
        "model": "minecraft:block/grass_block_snow_2"
      },
      {
        "model": "minecraft:block/grass_block_snow_2",
        "y": 90
      },
      {
        "model": "minecraft:block/grass_block_snow_2",
        "y": 180
      },
      {
        "model": "minecraft:block/grass_block_snow_2",
        "y": 270
      },
	  {
        "model": "minecraft:block/grass_block_snow_3"
      },
      {
        "model": "minecraft:block/grass_block_snow_3",
        "y": 90
      },
      {
        "model": "minecraft:block/grass_block_snow_3",
        "y": 180
      },
      {
        "model": "minecraft:block/grass_block_snow_3",
        "y": 270
      },
	  {
        "model": "minecraft:block/grass_block_snow_4"
      },
      {
        "model": "minecraft:block/grass_block_snow_4",
        "y": 90
      },
      {
        "model": "minecraft:block/grass_block_snow_4",
        "y": 180
      },
      {
        "model": "minecraft:block/grass_block_snow_4",
        "y": 270
      }
	  ]
  }
}