{
    "targets": ["minecraft:birch_forest", "minecraft:cherry_grove", "minecraft:flower_forest", "minecraft:forest", "minecraft:taiga", "minecraft:snowy_taiga", "minecraft:sparse_jungle",
	 {
	  "id": "nomansland:boreal_forest",
	  "required": false
	 },
	 {
	  "id": "nomansland:maple_forest",
	  "required": false
	 },
	 {
	  "id": "nomansland:autumnal_forest",
	  "required": false
	 }
	],
	"fog_end": "0.90 - max(0, min(0.3, (DAY_TIME%24000 > 23000) + (DAY_TIME%24000 < 1000) + (RAIN * 0.3) - max(0, 11 - SKY_LIGHT)))",
	"fog_start": "10 + max(-0.5, min(0.5, (DAY_TIME%24000 > 23000) + (DAY_TIME%24000 < 1000) + (RAIN * 0.5) - max(0, 11 - SKY_LIGHT) * 100))"
}