{
	"targets": ["minecraft:swamp", "minecraft:mangrove_swamp",
	 {
	  "id": "nomansland:bayou",
	  "required": false
	 },
	 {
	  "id": "nomansland:bog",
	  "required": false
	 },
	 {
	  "id": "nomansland:dark_swamp",
	  "required": false
	 }
	],
	"fog_end": "0.6 - max(0, min(0.3, (DAY_TIME%24000 > 23000) + (DAY_TIME%24000 < 1000) + (RAIN * 0.3) - max(0, 11 - SKY_LIGHT)))",
	"fog_start": "10.65 + max(-0.65, min(0.35, (DAY_TIME%24000 > 23000) + (DAY_TIME%24000 < 1000) + (RAIN * 0.35)- max(0, 11 - SKY_LIGHT)*100))"
}