{
	"format_version": "1.21.6",
	"credit": "Made with Blockbench",
	"texture_size": [48, 32],
	"textures": {
		"photograph": "exposure:item/camera/empty",
		"particle": "exposure_polaroid:item/instant_camera",
		"texture": "exposure_polaroid:item/instant_camera",
		"selfie_stick": "exposure:item/camera/empty"
	},
	"elements": [
		{
			"name": "buttom",
			"from": [4, 0, 3],
			"to": [13, 3, 6],
			"rotation": {"angle": 0, "axis": "y", "origin": [6, -4, 4]},
			"faces": {
				"north": {"uv": [1, 11, 4, 12.49], "texture": "#texture"},
				"east": {"uv": [0, 11, 1, 12.5], "texture": "#texture"},
				"south": {"uv": [2, 5, 6, 6.5], "rotation": 180, "texture": "#texture"},
				"west": {"uv": [4, 11, 5, 12.5], "texture": "#texture"},
				"up": {"uv": [1, 9.5, 4, 11], "rotation": 180, "texture": "#texture"},
				"down": {"uv": [4, 9.5, 7, 11], "texture": "#texture"}
			}
		},
		{
			"name": "top",
			"from": [4, 0, 6],
			"to": [13, 10, 15],
			"rotation": {"angle": 0, "axis": "x", "origin": [6, 1, 4]},
			"faces": {
				"north": {"uv": [3, 4.5, 6, 9.5], "texture": "#texture"},
				"east": {"uv": [0, 4.51, 3, 9.49], "texture": "#texture"},
				"south": {"uv": [9, 4.5, 12, 9.5], "texture": "#texture"},
				"west": {"uv": [6, 4.51, 8.99, 9.49], "texture": "#texture"},
				"up": {"uv": [3.01, 0, 6.01, 4.5], "rotation": 180, "texture": "#texture"},
				"down": {"uv": [6, 0, 9, 4.5], "texture": "#texture"}
			}
		},
		{
			"name": "photograph",
			"from": [5.5, 1, 2],
			"to": [11.5, 1, 7],
			"rotation": {"angle": -45, "axis": "x", "origin": [-1, -3, 4]},
			"faces": {
				"north": {"uv": [0, 0, 0, 0], "texture": "#photograph"},
				"east": {"uv": [0, 0, 0, 0], "texture": "#photograph"},
				"south": {"uv": [0, 0, 0, 0], "texture": "#photograph"},
				"west": {"uv": [0, 0, 0, 0], "texture": "#photograph"},
				"up": {"uv": [0, 0, 3, 2.5], "rotation": 180, "texture": "#photograph"},
				"down": {"uv": [0, 2.5, 3, 5], "texture": "#photograph"}
			}
		},
		{
			"name": "stick",
			"from": [7, -2, -9],
			"to": [9, 0, 9],
			"rotation": {"angle": 0, "axis": "y", "origin": [0, -5, 0]},
			"faces": {
				"north": {"uv": [0, 0, 1, 1], "texture": "#selfie_stick"},
				"east": {"uv": [0, 1, 1, 10], "rotation": 90, "texture": "#selfie_stick"},
				"south": {"uv": [0, 10, 1, 11], "texture": "#selfie_stick"},
				"west": {"uv": [0, 1, 1, 10], "rotation": 270, "texture": "#selfie_stick"},
				"up": {"uv": [0, 1, 1, 10], "texture": "#selfie_stick"},
				"down": {"uv": [0, 1, 1, 10], "rotation": 180, "texture": "#selfie_stick"}
			}
		},
		{
			"name": "glass",
			"from": [8.9, 3.9, 6.02],
			"to": [11.1, 7.1, 6.02],
			"rotation": {"angle": 0, "axis": "y", "origin": [9, 5, 6]},
			"faces": {
				"north": {"uv": [0, 1.5, 0.66667, 3], "texture": "#texture", "tintindex": 1}
			}
		},
		{
			"name": "lamp",
			"from": [2, 4, 6],
			"to": [4, 6, 7],
			"rotation": {"angle": 0, "axis": "y", "origin": [2, 4, 6]},
			"faces": {
				"north": {"uv": [7, 11, 7.66667, 12], "texture": "#texture"},
				"east": {"uv": [7.66667, 11, 8, 12], "texture": "#texture"},
				"south": {"uv": [7, 11, 7.66667, 12], "texture": "#texture"},
				"west": {"uv": [7.66667, 10.5, 8, 11.5], "texture": "#texture"},
				"up": {"uv": [7, 10.5, 7.66667, 11], "texture": "#texture"},
				"down": {"uv": [7, 10.5, 7.66667, 11], "texture": "#texture"}
			}
		},
		{
			"name": "lampbody",
			"from": [1, 3, 7],
			"to": [4, 7, 9],
			"rotation": {"angle": 0, "axis": "y", "origin": [2, 3, 6]},
			"faces": {
				"north": {"uv": [8, 10, 9, 12], "texture": "#texture"},
				"east": {"uv": [9, 10, 9.66667, 12], "texture": "#texture"},
				"south": {"uv": [9.33333, 10, 10.33333, 12], "texture": "#texture"},
				"west": {"uv": [9.66667, 10, 9, 12], "texture": "#texture"},
				"up": {"uv": [9, 9.5, 10, 10.5], "texture": "#texture"},
				"down": {"uv": [8, 9.5, 9, 10.5], "texture": "#texture"}
			}
		},
		{
			"name": "switch",
			"from": [10, 8, 8],
			"to": [12, 11, 10],
			"rotation": {"angle": 0, "axis": "y", "origin": [10, 8, 8]},
			"faces": {
				"north": {"uv": [0, 0, 0.66667, 1.5], "texture": "#texture"},
				"east": {"uv": [0, 0, 0.66667, 1.5], "texture": "#texture"},
				"south": {"uv": [0, 0, 0.66667, 1.5], "texture": "#texture"},
				"west": {"uv": [0, 0, 0.66667, 1.5], "texture": "#texture"},
				"up": {"uv": [0.66667, 0, 1.33333, 1], "texture": "#texture"},
				"down": {"uv": [0.66667, 0, 1.33333, 1], "texture": "#texture"}
			}
		},
		{
			"name": "wire0",
			"from": [9.8, 9.5, 7],
			"to": [9.8, 12.5, 13],
			"rotation": {"angle": 0, "axis": "y", "origin": [7, 10, 7]},
			"faces": {
				"east": {"uv": [12.33333, 4.5, 14.33333, 6], "texture": "#texture"},
				"west": {"uv": [12.33333, 4.5, 14.33333, 6], "texture": "#texture"}
			}
		},
		{
			"name": "wire0",
			"from": [7.8, 9.5, 7],
			"to": [7.8, 12.5, 13],
			"rotation": {"angle": 0, "axis": "y", "origin": [5, 10, 7]},
			"faces": {
				"east": {"uv": [12.33333, 6, 14.33333, 7.5], "texture": "#texture"},
				"west": {"uv": [12.33333, 6, 14.33333, 7.5], "texture": "#texture"}
			}
		},
		{
			"name": "wire0",
			"from": [5.8, 9.5, 7],
			"to": [5.8, 12.5, 13],
			"rotation": {"angle": 0, "axis": "y", "origin": [3, 10, 7]},
			"faces": {
				"east": {"uv": [12.33333, 7.5, 14.33333, 9], "texture": "#texture"},
				"west": {"uv": [12.33333, 7.5, 14.33333, 9], "texture": "#texture"}
			}
		}
	],
	"gui_light": "front",
	"overrides": [
		{"predicate": {"exposure:camera_state": 0.1}, "model": "exposure_polaroid:item/instant_camera_active"},
		{"predicate": {"exposure_polaroid:slide_type": 0.5}, "model": "exposure_polaroid:item/instant_camera_bw"},
		{"predicate": {"exposure_polaroid:slide_type": 0.5, "exposure_polaroid:printing": 0.1}, "model": "exposure_polaroid:item/instant_camera_bw_print1"},
		{"predicate": {"exposure_polaroid:slide_type": 0.5, "exposure_polaroid:printing": 0.4}, "model": "exposure_polaroid:item/instant_camera_bw_print2"},
		{"predicate": {"exposure_polaroid:slide_type": 0.5, "exposure_polaroid:printing": 0.7}, "model": "exposure_polaroid:item/instant_camera_bw_print3"},
		{"predicate": {"exposure_polaroid:slide_type": 1}, "model": "exposure_polaroid:item/instant_camera_color"},
		{"predicate": {"exposure_polaroid:slide_type": 0.5, "exposure:camera_state": 0.1}, "model": "exposure_polaroid:item/instant_camera_active_bw"},
		{"predicate": {"exposure_polaroid:slide_type": 0.5, "exposure_polaroid:printing": 0.1, "exposure:camera_state": 0.1}, "model": "exposure_polaroid:item/instant_camera_active_bw_print1"},
		{"predicate": {"exposure_polaroid:slide_type": 0.5, "exposure_polaroid:printing": 0.4, "exposure:camera_state": 0.1}, "model": "exposure_polaroid:item/instant_camera_active_bw_print2"},
		{"predicate": {"exposure_polaroid:slide_type": 0.5, "exposure_polaroid:printing": 0.7, "exposure:camera_state": 0.1}, "model": "exposure_polaroid:item/instant_camera_active_bw_print3"},
		{"predicate": {"exposure_polaroid:slide_type": 1, "exposure:camera_state": 0.1}, "model": "exposure_polaroid:item/instant_camera_active_color"},
		{"predicate": {"exposure_polaroid:slide_type": 1, "exposure_polaroid:printing": 0.1}, "model": "exposure_polaroid:item/instant_camera_color_print1"},
		{"predicate": {"exposure_polaroid:slide_type": 1, "exposure_polaroid:printing": 0.4}, "model": "exposure_polaroid:item/instant_camera_color_print2"},
		{"predicate": {"exposure_polaroid:slide_type": 1, "exposure_polaroid:printing": 0.7}, "model": "exposure_polaroid:item/instant_camera_color_print3"},
		{"predicate": {"exposure_polaroid:slide_type": 1, "exposure_polaroid:printing": 0.1, "exposure:camera_state": 0.1}, "model": "exposure_polaroid:item/instant_camera_active_color_print1"},
		{"predicate": {"exposure_polaroid:slide_type": 1, "exposure_polaroid:printing": 0.4, "exposure:camera_state": 0.1}, "model": "exposure_polaroid:item/instant_camera_active_color_print2"},
		{"predicate": {"exposure_polaroid:slide_type": 1, "exposure_polaroid:printing": 0.7, "exposure:camera_state": 0.1}, "model": "exposure_polaroid:item/instant_camera_active_color_print3"},
		{"predicate": {"exposure:camera_state": 0.2}, "model": "exposure_polaroid:item/selfie_stick"},
		{"predicate": {"exposure:camera_state": 0.3}, "model": "exposure_polaroid:item/instant_camera_selfie"},
		{"predicate": {"exposure:camera_state": 0.3, "exposure_polaroid:slide_type": 0.5}, "model": "exposure_polaroid:item/instant_camera_selfie_bw"},
		{"predicate": {"exposure:camera_state": 0.3, "exposure_polaroid:slide_type": 1}, "model": "exposure_polaroid:item/instant_camera_selfie_color"}
	],
	"display": {
		"thirdperson_righthand": {
			"rotation": [65, 9, 0],
			"translation": [-0.75, 3, 2],
			"scale": [0.8, 0.8, 0.8]
		},
		"thirdperson_lefthand": {
			"rotation": [65, 9, 0],
			"translation": [-0.75, 3, 2],
			"scale": [0.8, 0.8, 0.8]
		},
		"firstperson_righthand": {
			"rotation": [0, 65, 0],
			"translation": [4.5, 3.75, -0.75]
		},
		"firstperson_lefthand": {
			"rotation": [0, 65, 0],
			"translation": [4.5, 3.75, -0.75]
		},
		"ground": {
			"translation": [0, 5.25, 0],
			"scale": [0.8, 0.8, 0.8]
		},
		"head": {
			"translation": [-0.85, 4.5, -5],
			"scale": [1.7, 1.7, 1.7]
		},
		"fixed": {
			"translation": [0, 4, -1],
			"scale": [1.3, 1.3, 1.3]
		}
	}
}